DATA_DADES;HOMES;SECCIO_CENSAL;DONES;EDAT_0_A_14;EDAT_15_A_24;EDAT_25_A_64;EDAT_65_A_MES;NACIONALS;COMUNITARIS;ESTRANGERS
30/03/15;741;01001;573;164;114;818;218;742;129;443
30/03/15;838;01002;687;157;187;953;228;728;141;656
30/03/15;1840;01003;1570;652;361;1951;446;1869;221;1320
30/03/15;1530;01004;1229;371;301;1762;325;1610;241;908
30/03/15;1413;01005;1052;291;209;1601;364;1349;282;834
30/03/15;896;01006;666;152;153;1050;207;750;222;590
30/03/15;1251;01007;781;265;193;1418;156;998;179;855
30/03/15;2085;01008;1331;472;412;2138;394;1466;217;1733
30/03/15;1205;01009;972;264;237;1365;311;1127;157;893
30/03/15;1384;01010;1005;342;278;1544;225;1006;140;1243
30/03/15;1940;01011;1431;486;367;2204;314;1526;251;1594
30/03/15;962;01012;897;232;191;1198;238;1060;117;682
30/03/15;663;01013;696;171;114;823;251;870;76;413
30/03/15;1042;01014;921;222;203;1318;220;1100;137;726
30/03/15;1172;01015;1117;286;238;1466;299;1240;124;925
30/03/15;1107;01016;1086;265;214;1468;246;1058;139;996
30/03/15;1359;01017;1281;353;267;1776;244;1270;190;1180
30/03/15;824;01018;735;175;159;984;241;885;111;563
30/03/15;1526;01019;1239;272;307;1846;340;1378;261;1126
30/03/15;966;01020;1080;168;168;1335;375;1331;333;382
30/03/15;981;01021;980;152;176;1331;302;1246;298;417
30/03/15;545;01022;632;104;97;763;213;806;191;180
30/03/15;902;01023;1015;147;150;1295;325;1334;255;328
30/03/15;628;01025;610;115;93;855;175;746;247;245
30/03/15;1223;01026;891;175;187;1502;250;1117;431;566
30/03/15;836;01027;753;126;151;1047;265;937;327;325
30/03/15;989;01028;900;161;166;1307;255;1083;334;472
30/03/15;691;01029;642;83;136;934;180;710;325;298
30/03/15;1255;01030;1116;219;203;1514;435;1462;389;520
30/03/15;926;01031;690;137;135;1135;209;802;323;491
30/03/15;890;01032;889;131;148;1121;379;1161;329;289
30/03/15;593;01033;495;92;91;703;202;731;145;212
30/03/15;500;01034;511;72;81;648;210;678;164;169
30/03/15;676;01035;647;106;93;873;251;856;196;271
30/03/15;549;01036;637;107;137;687;255;975;77;134
30/03/15;691;01037;773;167;124;884;289;1164;139;161
30/03/15;767;01038;714;138;126;994;223;873;259;349
30/03/15;642;01039;636;114;124;780;260;944;124;210
30/03/15;553;01040;550;101;76;707;219;720;175;208
30/03/15;761;01041;714;112;123;1057;183;816;293;366
30/03/15;817;01042;960;173;126;947;531;1481;118;178
30/03/15;652;01043;623;118;81;905;171;811;275;189
30/03/15;694;01044;747;174;83;976;208;972;274;195
30/03/15;984;01045;978;141;134;1374;313;1167;454;341
30/03/15;836;01046;821;134;133;1153;237;1015;321;321
30/03/15;855;01047;963;163;139;1216;300;1059;330;429
30/03/15;1121;01048;1062;254;170;1447;312;1303;348;532
30/03/15;706;01049;762;174;121;937;236;915;224;329
30/03/15;835;01050;766;157;139;1069;236;959;226;416
30/03/15;899;01051;900;196;161;1252;190;995;288;516
30/03/15;1252;01052;1136;246;325;1473;344;1434;415;539
30/03/15;970;01053;1015;171;166;1290;358;1282;287;416
30/03/15;664;01054;659;110;120;900;193;802;227;294
30/03/15;604;01055;681;129;98;723;335;990;149;146
30/03/15;609;02001;683;190;89;782;231;977;97;218
30/03/15;1187;02002;1016;226;154;1358;465;1568;192;443
30/03/15;556;02003;729;137;164;643;341;1082;74;129
30/03/15;730;02004;763;162;141;882;308;1132;139;222
30/03/15;977;02005;1123;260;174;1168;498;1774;103;223
30/03/15;774;02006;848;217;113;903;389;1302;122;198
30/03/15;519;02007;708;115;100;690;322;1026;98;103
30/03/15;848;02008;998;219;190;1035;402;1532;144;170
30/03/15;800;02009;941;209;155;1028;349;1405;99;237
30/03/15;531;02010;627;139;98;676;245;986;82;90
30/03/15;524;02011;571;124;104;623;244;984;53;58
30/03/15;775;02012;798;173;128;977;295;1256;93;224
30/03/15;530;02013;589;143;83;688;205;909;88;122
30/03/15;641;02014;682;164;98;840;221;958;158;207
30/03/15;715;02015;829;161;123;898;362;1243;98;203
30/03/15;816;02016;1001;195;120;1098;404;1548;105;164
30/03/15;899;02017;1038;232;191;1118;396;1584;135;218
30/03/15;857;02018;984;210;137;998;496;1575;87;179
30/03/15;906;02019;1049;238;157;1105;455;1651;96;208
30/03/15;630;02020;753;135;119;870;259;1074;116;193
30/03/15;674;02021;778;128;96;855;373;1206;94;152
30/03/15;612;02022;656;153;112;729;274;1026;54;188
30/03/15;520;02023;571;94;100;634;263;969;36;86
30/03/15;501;02024;626;94;118;692;223;909;63;155
30/03/15;554;02025;622;109;82;706;279;979;68;129
30/03/15;993;02026;1163;244;185;1261;466;1774;116;266
30/03/15;920;02027;1093;210;156;1173;474;1714;93;206
30/03/15;942;02028;1112;208;196;1226;424;1700;98;256
30/03/15;533;02029;625;134;87;688;249;955;76;127
30/03/15;574;02030;634;141;89;699;279;1021;52;135
30/03/15;521;02031;573;148;76;604;266;984;32;78
30/03/15;493;02032;707;118;84;632;366;1057;60;83
30/03/15;541;02033;661;129;83;717;273;1015;63;124
30/03/15;537;02034;626;90;79;714;280;894;53;216
30/03/15;587;02035;690;119;105;690;363;1108;52;117
30/03/15;568;02036;657;136;123;707;259;1068;52;105
30/03/15;588;02037;627;126;117;724;248;1086;54;75
30/03/15;745;02038;852;176;170;987;264;1424;72;101
30/03/15;745;02039;965;178;133;998;401;1429;71;210
30/03/15;769;02040;888;172;122;1046;317;1268;88;301
30/03/15;709;02041;890;153;110;931;405;1370;67;162
30/03/15;772;02042;881;153;144;912;444;1508;30;115
30/03/15;682;02043;777;171;135;862;291;1273;54;132
30/03/15;550;02044;719;128;113;714;314;1008;43;218
30/03/15;540;02045;643;121;94;664;304;980;62;141
30/03/15;854;02046;1022;215;159;1042;460;1585;70;221
30/03/15;873;02047;1018;196;178;1058;459;1575;90;226
30/03/15;566;02048;684;133;114;754;249;955;64;231
30/03/15;940;02049;1117;175;155;1245;482;1539;151;367
30/03/15;715;02050;855;145;132;953;340;1261;105;204
30/03/15;855;02051;1047;174;145;1163;420;1472;129;301
30/03/15;843;02052;998;214;131;1131;365;1447;141;253
30/03/15;830;02053;967;202;149;1079;367;1481;113;203
30/03/15;844;02054;1000;222;131;1064;427;1540;117;187
30/03/15;860;02055;1001;191;171;1083;416;1513;118;230
30/03/15;642;02056;872;174;103;850;387;1223;153;138
30/03/15;573;02057;650;161;93;662;307;1075;73;75
30/03/15;631;02058;764;158;131;750;356;1212;75;108
30/03/15;772;02059;908;195;129;985;371;1390;143;147
30/03/15;763;02060;914;215;129;921;412;1424;90;163
30/03/15;579;02061;727;137;107;798;264;1026;108;172
30/03/15;717;02062;828;213;105;939;288;1274;150;121
30/03/15;462;02063;722;125;107;566;386;1030;88;66
30/03/15;646;02064;717;157;127;768;311;1151;112;100
30/03/15;857;02065;1004;224;162;1141;334;1460;197;204
30/03/15;853;02066;989;187;149;1045;461;1573;105;164
30/03/15;748;02067;901;191;117;1061;280;1258;182;209
30/03/15;775;02068;917;185;144;1042;321;1328;165;199
30/03/15;652;02069;731;183;120;779;301;1147;118;118
30/03/15;626;02070;729;169;118;788;280;1089;116;150
30/03/15;842;02071;892;239;191;1007;297;1478;153;103
30/03/15;577;02072;611;160;121;689;218;1015;95;78
30/03/15;803;02073;871;222;167;988;297;1350;204;120
30/03/15;589;02074;597;164;92;694;236;893;170;123
30/03/15;576;02075;657;161;110;729;233;946;158;129
30/03/15;783;02076;882;249;146;975;295;1330;166;169
30/03/15;724;02077;757;152;136;885;308;1090;180;211
30/03/15;612;02078;787;163;131;784;321;1070;133;196
30/03/15;577;02079;665;141;111;678;312;998;112;132
30/03/15;680;02080;775;169;130;809;347;1203;134;118
30/03/15;942;02081;1122;204;196;1149;515;1659;192;213
30/03/15;415;02082;507;102;78;505;237;763;78;81
30/03/15;762;02083;947;219;137;940;413;1368;166;175
30/03/15;902;02084;1096;230;164;1155;449;1651;157;190
30/03/15;655;02085;798;185;116;837;315;1163;155;135
30/03/15;634;02086;783;203;123;838;253;1171;125;121
30/03/15;627;02087;799;182;97;846;301;1185;84;157
30/03/15;737;02088;905;189;136;946;371;1338;149;155
30/03/15;896;02089;1010;208;139;1204;355;1498;218;190
30/03/15;776;02090;860;162;130;1002;342;1285;161;190
30/03/15;910;02091;892;199;148;1131;324;1399;188;215
30/03/15;830;02092;875;129;114;1091;371;1319;165;221
30/03/15;841;02093;833;166;153;995;360;1311;119;244
30/03/15;699;02094;760;118;125;885;331;1191;108;160
30/03/15;715;02095;801;134;126;925;331;1211;116;189
30/03/15;636;02096;738;111;122;803;338;1107;111;156
30/03/15;528;02097;609;127;100;682;228;872;82;183
30/03/15;668;02098;857;120;145;919;341;1214;115;196
30/03/15;699;02099;788;145;156;859;327;1229;75;183
30/03/15;637;02100;744;135;121;830;295;1191;62;128
30/03/15;996;02101;1161;257;154;1213;533;1769;129;259
30/03/15;628;02102;777;166;138;745;356;1240;50;115
30/03/15;797;02103;944;176;138;1046;381;1354;108;279
30/03/15;504;02104;592;115;73;639;269;954;52;90
30/03/15;890;02105;1139;223;155;1181;470;1646;136;247
30/03/15;697;02106;750;190;93;847;317;1187;107;153
30/03/15;729;02107;901;203;148;842;437;1461;77;92
30/03/15;685;02108;887;195;123;808;446;1395;76;101
30/03/15;887;02109;1077;234;180;1016;534;1726;101;137
30/03/15;867;02110;999;248;146;1097;375;1505;121;240
30/03/15;779;02111;965;198;122;1007;417;1469;77;198
30/03/15;602;02112;721;157;92;680;394;1208;48;67
30/03/15;944;02113;1069;273;141;1083;516;1757;64;192
30/03/15;766;02114;932;189;143;879;487;1454;66;178
30/03/15;621;02115;738;157;97;750;355;1133;65;161
30/03/15;485;02116;572;134;90;604;229;951;35;71
30/03/15;545;02117;632;125;66;652;334;1022;41;114
30/03/15;685;02118;817;187;144;876;295;1301;59;142
30/03/15;593;02119;702;146;106;735;308;1151;39;105
30/03/15;557;02120;637;134;94;678;288;1034;46;114
30/03/15;578;02121;664;142;101;703;296;1092;54;96
30/03/15;466;02122;588;95;97;610;252;937;41;76
30/03/15;557;02123;593;130;73;698;249;947;61;142
30/03/15;513;02124;612;115;107;604;299;1037;32;56
30/03/15;750;02125;951;178;143;913;467;1490;55;156
30/03/15;696;02126;841;161;132;890;354;1358;65;114
30/03/15;522;02127;581;119;76;671;237;883;68;152
30/03/15;611;02128;667;126;114;747;291;1040;50;188
30/03/15;706;02129;818;129;129;912;354;1281;60;183
30/03/15;538;02130;565;104;106;606;287;1023;29;51
30/03/15;566;02131;654;98;109;738;275;958;66;196
30/03/15;601;02132;628;107;116;755;251;978;55;196
30/03/15;395;02133;475;77;45;404;344;796;21;53
30/03/15;645;02134;764;119;130;823;337;1193;76;140
30/03/15;959;02135;1108;210;149;1278;430;1690;125;252
30/03/15;404;02136;482;66;86;525;209;766;23;97
30/03/15;653;02137;735;145;111;842;290;1126;81;181
30/03/15;913;02138;992;224;156;1038;487;1647;92;166
30/03/15;748;02139;911;184;135;1023;317;1297;91;271
30/03/15;899;02140;1021;180;191;1103;446;1640;92;188
30/03/15;576;02141;702;133;113;777;255;1019;65;194
30/03/15;946;02142;1072;194;181;1235;408;1596;116;306
30/03/15;619;02143;644;131;103;759;270;1015;91;157
30/03/15;671;02144;793;149;146;860;309;1181;115;168
30/03/15;625;02145;657;135;127;783;237;1000;72;210
30/03/15;534;02146;616;101;108;667;274;951;56;143
30/03/15;1003;02147;1194;242;196;1322;437;1774;136;287
30/03/15;724;02148;832;149;117;936;354;1292;108;156
30/03/15;852;02149;959;213;150;1104;344;1419;124;268
30/03/15;687;02150;782;156;156;839;318;1148;97;224
30/03/15;683;02151;758;144;125;886;286;1139;107;195
30/03/15;554;02152;685;105;82;681;371;1095;56;88
30/03/15;595;02153;741;137;102;700;397;1148;52;136
30/03/15;483;02154;548;79;92;641;219;732;77;222
30/03/15;871;02155;1035;217;146;1060;483;1561;114;231
30/03/15;608;02156;671;110;97;693;379;1090;50;139
30/03/15;570;02157;638;150;85;659;314;961;68;179
30/03/15;765;02158;833;150;106;887;455;1361;99;138
30/03/15;871;02159;964;203;152;1109;371;1473;134;228
30/03/15;921;02160;1051;197;166;1166;443;1644;113;215
30/03/15;544;02161;608;137;92;677;246;945;90;117
30/03/15;649;02162;719;133;122;773;340;1108;66;194
30/03/15;862;02163;954;170;155;1083;408;1490;135;191
30/03/15;656;02164;739;139;102;874;280;1047;155;193
30/03/15;762;02165;852;163;101;970;380;1292;104;218
30/03/15;995;02166;1124;228;162;1321;408;1634;154;331
30/03/15;992;02167;1086;240;156;1154;528;1765;109;204
30/03/15;1054;02168;1174;230;174;1371;453;1723;168;337
30/03/15;754;02169;822;173;120;959;324;1271;97;208
30/03/15;787;02170;810;167;126;954;350;1328;81;188
30/03/15;765;02171;861;164;133;910;419;1256;81;289
30/03/15;791;02172;804;168;134;984;309;1217;128;250
30/03/15;742;02173;827;166;128;938;337;1280;88;201
30/03/15;775;03001;881;173;138;950;395;1340;69;247
30/03/15;982;03002;1051;219;151;1276;387;1464;166;403
30/03/15;830;03003;889;222;132;1089;276;1128;157;434
30/03/15;742;03004;817;180;108;958;313;1238;96;225
30/03/15;594;03005;649;131;82;721;309;952;67;224
30/03/15;683;03006;687;151;122;872;225;991;120;259
30/03/15;838;03007;885;221;164;1027;311;1286;109;328
30/03/15;599;03008;642;129;98;791;223;858;87;296
30/03/15;591;03009;667;125;103;775;255;951;61;246
30/03/15;916;03010;919;207;195;1155;278;1260;133;442
30/03/15;883;03011;913;223;172;1138;263;1139;135;522
30/03/15;1027;03012;1113;217;169;1391;363;1471;186;483
30/03/15;972;03013;922;235;197;1199;263;1228;202;464
30/03/15;955;03014;879;198;134;1222;280;1202;166;466
30/03/15;1470;03015;1508;338;239;1887;514;2010;248;720
30/03/15;628;03016;618;168;118;768;192;774;87;385
30/03/15;876;03017;799;197;133;1088;257;1072;133;470
30/03/15;838;03018;856;236;148;967;343;1248;90;356
30/03/15;695;03019;765;155;110;959;236;1017;115;328
30/03/15;609;03020;583;108;91;667;326;1010;54;128
30/03/15;530;03021;612;100;79;606;357;992;26;124
30/03/15;707;03022;732;180;110;879;270;1111;85;243
30/03/15;1009;03023;975;272;156;1272;284;1394;182;408
30/03/15;987;03024;1008;277;152;1272;294;1455;181;359
30/03/15;563;03025;561;133;116;644;231;1035;10;79
30/03/15;495;03026;507;104;58;421;419;922;13;67
30/03/15;861;03027;918;277;167;932;403;1630;35;114
30/03/15;1104;03028;1180;500;165;1351;268;1996;70;218
30/03/15;578;03029;673;138;134;663;316;1146;22;83
30/03/15;735;03030;849;162;167;846;409;1373;51;160
30/03/15;1174;03031;1282;314;243;1419;480;2228;39;189
30/03/15;762;03032;809;244;135;936;256;1328;55;188
30/03/15;707;03033;714;241;120;738;322;1107;25;289
30/03/15;747;03034;801;195;179;933;241;1392;27;129
30/03/15;1118;03035;1203;245;277;1289;510;2038;48;235
30/03/15;1150;03036;1223;352;220;1391;410;2114;73;186
30/03/15;538;03037;573;136;173;668;134;1017;15;79
30/03/15;489;03038;535;161;105;562;196;929;6;89
30/03/15;1190;03039;1232;374;240;1328;480;1971;61;390
30/03/15;728;03040;808;137;118;910;371;1400;59;77
30/03/15;624;03041;727;162;117;742;330;1093;76;182
30/03/15;675;03042;728;159;148;815;281;1090;88;225
30/03/15;744;03043;883;168;133;929;397;1322;78;227
30/03/15;901;03044;1022;234;171;1147;371;1458;100;365
30/03/15;522;03045;548;121;68;651;230;871;80;119
30/03/15;671;03046;778;114;133;890;312;1258;90;101
30/03/15;875;03047;945;192;155;1163;310;1447;100;273
30/03/15;644;03048;709;107;97;853;296;1104;71;178
30/03/15;797;03049;888;194;113;1007;371;1322;100;263
30/03/15;756;03050;822;142;113;1023;300;1257;92;229
30/03/15;857;03051;924;238;125;1153;265;1389;102;290
30/03/15;620;03052;642;147;106;771;238;983;88;191
30/03/15;1019;03053;1059;238;163;1295;382;1552;113;413
30/03/15;870;03054;943;199;176;1106;332;1495;80;238
30/03/15;740;03055;813;144;133;953;323;1322;64;167
30/03/15;372;03056;453;98;55;437;235;735;16;74
30/03/15;696;03057;828;168;129;867;360;1347;46;131
30/03/15;573;03058;770;151;126;736;330;1218;44;81
30/03/15;588;03059;607;137;90;654;314;1041;35;119
30/03/15;628;03060;706;149;103;778;304;1239;23;72
30/03/15;507;03061;580;108;66;558;355;942;32;113
30/03/15;784;03062;884;203;126;944;395;1431;55;182
30/03/15;631;03063;668;170;111;751;267;1038;47;214
30/03/15;574;03064;673;163;116;772;196;1148;34;65
30/03/15;681;03065;708;125;167;882;215;1292;16;81
30/03/15;1117;03066;1194;329;203;1402;377;2031;51;229
30/03/15;793;03067;897;180;156;963;391;1466;31;193
30/03/15;548;03068;626;117;76;635;346;1019;23;132
30/03/15;569;03069;603;115;88;684;285;1039;23;110
30/03/15;628;03070;663;130;116;787;258;1082;46;163
30/03/15;622;03071;697;146;129;748;296;1061;59;199
30/03/15;643;03072;766;157;120;854;278;1152;32;225
30/03/15;731;03073;833;165;129;976;294;1343;32;189
30/03/15;822;03074;967;211;139;1025;414;1512;54;223
30/03/15;766;03075;873;192;127;956;364;1385;22;232
30/03/15;490;03076;507;94;70;536;297;873;18;106
30/03/15;610;03077;721;147;114;730;340;1150;39;142
30/03/15;809;03078;846;187;155;1018;295;1357;55;243
30/03/15;877;03079;947;217;161;1075;371;1406;57;361
30/03/15;698;03080;833;160;127;881;363;1296;41;194
30/03/15;863;03081;1016;207;183;1094;395;1607;42;230
30/03/15;863;03082;972;192;155;1089;399;1564;64;207
30/03/15;650;03083;756;112;141;860;293;1246;36;124
30/03/15;677;03084;783;162;98;820;380;1276;57;127
30/03/15;559;03085;625;90;110;722;262;990;33;161
30/03/15;607;03086;650;108;113;706;330;1175;37;45
30/03/15;677;03087;796;188;97;744;444;1301;37;135
30/03/15;683;03088;764;157;112;821;357;1245;42;160
30/03/15;560;03089;645;119;90;649;347;1121;26;58
30/03/15;494;03090;571;132;102;584;247;988;28;49
30/03/15;686;03091;754;169;145;850;276;1232;50;158
30/03/15;641;03092;655;156;117;783;240;1058;74;164
30/03/15;760;03093;812;185;158;918;311;1407;27;138
30/03/15;532;03094;640;123;80;670;299;1067;35;70
30/03/15;755;03095;907;174;146;987;355;1358;65;239
30/03/15;724;03096;803;168;146;968;245;1151;76;300
30/03/15;778;03097;827;169;150;1033;253;1082;107;416
30/03/15;670;03098;707;181;133;810;253;1068;62;247
30/03/15;473;03099;572;128;67;644;206;850;46;149
30/03/15;596;03100;652;144;91;737;276;1023;69;156
30/03/15;954;03101;851;175;112;1117;401;1402;104;299
30/03/15;632;03102;696;172;100;790;266;1121;50;157
30/03/15;565;03103;639;123;77;670;334;1090;29;85
30/03/15;680;03104;745;173;121;893;238;1115;78;232
30/03/15;534;03105;597;128;89;698;216;925;38;168
30/03/15;578;03106;704;157;94;805;226;1041;88;153
30/03/15;750;03107;769;157;97;933;332;1309;42;168
30/03/15;745;03108;867;174;129;964;345;1253;75;284
30/03/15;687;03109;769;169;106;900;281;1247;63;146
30/03/15;715;03110;818;183;111;880;359;1301;61;171
30/03/15;604;03111;702;171;66;810;259;1114;60;132
30/03/15;868;03112;1003;206;193;1092;380;1671;51;149
30/03/15;769;03113;862;158;151;844;478;1420;68;143
30/03/15;641;03114;770;137;141;755;378;1281;37;93
30/03/15;710;03211;722;177;219;834;202;1324;3;105
30/03/15;1131;03212;1306;275;214;1245;703;2059;52;326
30/03/15;1162;03213;1181;332;269;1413;329;1859;53;431
30/03/15;559;04001;661;110;136;726;248;1013;54;153
30/03/15;905;04002;984;236;177;1088;388;1733;44;112
30/03/15;538;04003;553;128;92;639;232;978;32;81
30/03/15;471;04004;568;114;75;631;219;917;29;93
30/03/15;578;04005;652;143;104;677;306;1134;25;71
30/03/15;535;04006;627;143;101;613;305;1060;30;72
30/03/15;464;04007;612;109;79;539;349;952;40;84
30/03/15;469;04008;547;114;89;576;237;886;28;102
30/03/15;642;04009;773;155;121;838;301;1238;54;123
30/03/15;441;04010;508;123;93;518;215;855;25;69
30/03/15;793;04011;881;221;104;895;454;1551;55;68
30/03/15;643;04012;763;137;149;772;348;1326;33;47
30/03/15;571;04013;693;134;115;712;303;1154;34;76
30/03/15;352;04014;430;72;69;372;269;725;17;40
30/03/15;873;04015;1022;215;185;1108;387;1755;37;103
30/03/15;521;04016;591;116;83;640;273;1032;25;55
30/03/15;489;04017;605;121;66;573;334;1010;22;62
30/03/15;705;04018;882;210;169;803;405;1407;51;129
30/03/15;599;04019;718;152;145;664;356;1178;64;75
30/03/15;655;04020;783;197;134;719;388;1298;53;87
30/03/15;569;04021;696;154;110;639;362;1122;54;89
30/03/15;708;04022;823;136;123;862;410;1309;71;151
30/03/15;511;04023;575;153;120;533;280;956;33;97
30/03/15;509;04024;558;163;122;525;257;1004;19;44
30/03/15;568;04025;635;158;99;682;264;1048;52;103
30/03/15;626;04026;739;183;105;739;338;1206;54;105
30/03/15;559;04027;666;150;112;684;279;1079;49;97
30/03/15;644;04028;714;166;80;659;453;1199;68;91
30/03/15;533;04029;625;121;92;623;322;1072;14;72
30/03/15;824;04030;967;231;120;911;529;1601;74;116
30/03/15;980;04031;870;199;142;1129;380;1478;103;269
30/03/15;700;04032;853;174;131;872;376;1466;29;58
30/03/15;539;04033;638;144;80;677;276;1048;31;98
30/03/15;698;04034;803;172;128;733;468;1425;36;40
30/03/15;639;04035;774;166;86;806;355;1300;37;76
30/03/15;759;04036;946;213;134;824;534;1513;47;145
30/03/15;980;04037;1144;240;175;1139;570;1901;36;187
30/03/15;584;04038;677;134;96;678;353;1185;17;59
30/03/15;560;04039;653;176;99;693;245;1063;41;109
30/03/15;759;04040;863;245;144;915;318;1316;49;257
30/03/15;601;04041;708;161;89;753;306;1115;39;155
30/03/15;810;04042;932;120;138;1021;463;1506;42;194
30/03/15;755;04043;897;173;136;877;466;1555;18;79
30/03/15;767;04044;830;169;134;913;381;1459;22;116
30/03/15;670;04045;742;181;107;749;375;1248;49;115
30/03/15;1205;04046;1256;285;229;1337;610;2288;67;106
30/03/15;803;04047;878;190;180;927;384;1563;31;87
30/03/15;731;04048;847;173;168;880;357;1428;66;84
30/03/15;541;04049;624;167;115;629;254;1049;48;68
30/03/15;955;04050;1103;339;169;987;563;1884;78;96
30/03/15;732;04051;856;226;126;791;445;1420;68;100
30/03/15;992;04052;1174;339;218;1026;583;1902;142;122
30/03/15;741;04053;812;190;198;877;288;1247;101;205
30/03/15;519;04054;570;169;106;531;283;922;66;101
30/03/15;734;04055;797;243;207;702;379;1279;179;73
30/03/15;795;04056;918;264;200;880;369;1345;200;168
30/03/15;632;04084;736;184;87;651;446;1252;38;78
30/03/15;814;05001;828;354;146;945;197;1382;175;85
30/03/15;772;05002;850;290;151;816;365;1451;122;49
30/03/15;676;05003;701;257;158;787;175;1212;80;85
30/03/15;475;05004;663;171;162;491;314;1009;64;65
30/03/15;539;05005;562;197;139;511;254;925;88;88
30/03/15;886;05006;888;369;222;822;361;1488;199;87
30/03/15;770;05007;825;248;143;825;379;1413;109;73
30/03/15;740;05008;853;305;154;764;370;1466;59;68
30/03/15;793;05009;958;312;184;873;382;1558;99;94
30/03/15;757;05010;886;321;142;829;351;1496;113;34
30/03/15;640;05011;764;236;125;773;270;1281;49;74
30/03/15;644;05012;782;253;134;768;271;1267;71;88
30/03/15;822;05013;890;312;149;937;314;1501;126;85
30/03/15;791;05014;870;291;154;883;333;1435;135;91
30/03/15;718;05015;840;338;134;791;295;1389;93;76
30/03/15;847;05016;1005;337;169;972;374;1641;101;110
30/03/15;735;05017;846;256;209;787;329;1417;83;81
30/03/15;554;05018;657;189;115;586;321;1127;34;50
30/03/15;781;05019;881;303;177;841;341;1519;64;79
30/03/15;505;05020;617;148;111;623;240;984;43;95
30/03/15;599;05021;694;224;191;650;228;1064;60;169
30/03/15;753;05022;983;260;190;864;422;1616;46;74
30/03/15;671;05023;821;235;117;796;344;1340;60;92
30/03/15;867;05024;1034;307;226;922;446;1739;88;74
30/03/15;749;05025;807;208;394;656;298;1240;36;280
30/03/15;677;05026;743;268;174;699;279;1327;45;48
30/03/15;666;05027;699;264;174;632;295;1267;53;45
30/03/15;762;05028;802;318;167;781;298;1453;45;66
30/03/15;844;05029;890;375;227;806;326;1590;74;70
30/03/15;671;05030;762;273;184;686;290;1363;25;45
30/03/15;736;05031;877;291;203;724;395;1463;87;63
30/03/15;796;05032;954;259;232;844;415;1531;80;139
30/03/15;636;05033;735;272;119;673;307;1236;59;76
30/03/15;505;05034;665;180;107;588;295;1065;49;56
30/03/15;530;05035;549;127;128;492;332;1014;32;33
30/03/15;793;05036;881;279;206;824;365;1552;55;67
30/03/15;622;05037;795;256;129;697;335;1285;56;76
30/03/15;584;05038;674;162;129;697;270;1110;37;111
30/03/15;703;05039;833;250;164;781;341;1460;29;47
30/03/15;650;05040;787;229;150;787;271;1275;70;92
30/03/15;973;05041;965;262;195;1189;292;1500;119;319
30/03/15;590;05042;656;165;142;647;292;1104;36;106
30/03/15;652;05043;740;204;122;777;289;1237;47;108
30/03/15;588;05044;711;192;129;679;299;1143;57;99
30/03/15;696;05045;850;273;164;779;330;1446;46;54
30/03/15;506;05046;644;151;136;508;355;1094;23;33
30/03/15;594;05047;701;259;147;634;255;1216;40;39
30/03/15;573;05048;700;197;163;599;314;1205;24;44
30/03/15;753;05049;893;231;219;823;373;1493;74;79
30/03/15;757;05050;881;240;152;908;338;1489;54;95
30/03/15;770;05051;857;292;189;783;363;1493;67;67
30/03/15;669;05052;845;274;185;715;340;1400;57;57
30/03/15;676;05053;789;220;204;718;323;1341;48;76
30/03/15;461;05054;581;139;145;508;250;930;34;78
30/03/15;684;05055;751;228;189;650;368;1321;34;80
30/03/15;506;05056;707;181;96;597;339;1095;39;79
30/03/15;807;05057;917;221;221;841;441;1588;53;83
30/03/15;728;05058;866;260;146;805;383;1392;80;122
30/03/15;680;05059;894;224;138;818;394;1403;64;107
30/03/15;500;05060;611;185;137;532;257;962;70;79
30/03/15;640;05061;789;157;109;843;320;1195;84;150
30/03/15;702;05062;889;231;160;822;378;1423;68;100
30/03/15;699;05063;851;228;164;802;356;1404;55;91
30/03/15;708;05064;883;213;155;832;391;1399;97;95
30/03/15;730;05065;921;237;148;856;410;1418;75;158
30/03/15;526;05066;665;150;127;602;312;1079;47;65
30/03/15;587;05067;702;191;124;649;325;1133;70;86
30/03/15;683;05068;810;210;123;855;305;1307;91;95
30/03/15;775;05069;922;254;176;935;332;1492;93;112
30/03/15;649;05070;817;233;128;763;342;1326;48;92
30/03/15;708;05071;845;212;150;858;333;1319;104;130
30/03/15;728;05072;932;225;162;903;370;1466;83;111
30/03/15;724;05073;890;198;160;920;336;1428;70;116
30/03/15;798;05074;924;266;180;889;387;1526;93;103
30/03/15;738;05075;972;264;169;849;428;1561;66;83
30/03/15;613;05076;721;169;134;686;345;1201;58;75
30/03/15;622;05077;790;222;186;696;308;1274;63;75
30/03/15;947;05078;1084;362;224;1031;414;1863;70;98
30/03/15;543;05079;683;167;135;653;271;1120;55;51
30/03/15;572;05080;745;161;133;740;283;1158;76;83
30/03/15;669;05081;857;217;141;848;320;1320;96;110
30/03/15;751;05082;892;226;148;932;337;1427;93;123
30/03/15;605;05083;707;160;112;744;296;1127;77;108
30/03/15;592;05084;772;175;147;744;298;1194;82;88
30/03/15;617;05085;685;182;105;784;231;1102;78;122
30/03/15;607;05086;726;201;122;768;242;1167;73;93
30/03/15;669;05087;855;181;146;834;363;1341;69;114
30/03/15;856;05088;896;213;229;988;322;1534;81;137
30/03/15;782;05089;902;202;176;933;373;1489;102;93
30/03/15;872;05090;959;259;130;1087;355;1573;112;146
30/03/15;654;05091;855;212;136;820;341;1342;95;72
30/03/15;666;05092;840;206;179;768;353;1362;65;79
30/03/15;505;05093;632;152;132;573;280;1014;40;83
30/03/15;1136;05094;1413;404;294;1253;598;2334;104;111
30/03/15;707;05095;902;263;143;825;378;1435;42;132
30/03/15;485;05096;577;151;95;585;231;958;49;55
30/03/15;761;05097;846;290;143;848;326;1424;101;82
30/03/15;678;05098;807;213;129;859;284;1287;77;121
30/03/15;477;06001;582;121;63;600;275;867;67;125
30/03/15;659;06002;783;159;117;810;356;1198;81;163
30/03/15;1081;06003;1166;289;163;1316;479;1953;156;138
30/03/15;698;06004;754;197;125;822;308;1269;71;112
30/03/15;477;06006;547;154;99;556;215;930;35;59
30/03/15;872;06007;991;304;187;1055;317;1671;78;114
30/03/15;832;06008;1041;232;157;1047;437;1617;87;169
30/03/15;563;06009;638;218;85;625;273;1089;75;37
30/03/15;474;06010;536;128;86;527;269;918;25;67
30/03/15;574;06011;652;156;109;593;368;1151;36;39
30/03/15;500;06012;581;132;62;552;335;963;55;63
30/03/15;810;06013;896;213;165;965;363;1478;106;122
30/03/15;638;06014;704;150;105;745;342;1202;49;91
30/03/15;636;06015;719;174;127;783;271;1154;67;134
30/03/15;740;06016;850;231;148;962;249;1362;77;151
30/03/15;614;06017;701;194;91;748;282;1146;63;106
30/03/15;611;06018;679;152;100;786;252;1079;116;95
30/03/15;711;06019;819;194;132;919;285;1318;103;109
30/03/15;525;06020;599;146;76;600;302;967;72;85
30/03/15;625;06021;737;178;153;705;326;1176;86;100
30/03/15;692;06022;720;177;159;771;305;1206;78;128
30/03/15;628;06023;696;141;111;725;347;1259;23;42
30/03/15;689;06024;909;193;130;833;442;1429;74;95
30/03/15;617;06025;779;171;103;717;405;1285;42;69
30/03/15;449;06026;570;98;67;560;294;908;31;80
30/03/15;522;06027;670;146;101;641;304;1071;40;81
30/03/15;616;06028;710;166;88;783;289;1126;89;111
30/03/15;554;06029;671;97;101;708;319;1074;65;86
30/03/15;623;06030;725;147;93;829;279;1104;123;121
30/03/15;476;06031;617;89;79;690;235;934;71;88
30/03/15;532;06032;600;132;68;702;230;997;64;71
30/03/15;589;06033;710;129;92;797;281;1137;87;75
30/03/15;546;06034;714;126;102;748;284;1076;95;89
30/03/15;457;06035;548;100;89;568;248;897;58;50
30/03/15;608;06036;803;159;101;727;424;1231;72;108
30/03/15;498;06037;587;144;108;567;266;902;85;98
30/03/15;638;06038;848;192;107;859;328;1251;132;103
30/03/15;689;06039;882;164;85;1028;294;1255;183;133
30/03/15;685;06040;953;179;135;920;404;1374;114;150
30/03/15;756;06041;937;211;145;989;348;1383;142;168
30/03/15;795;06042;918;259;123;1016;315;1378;163;172
30/03/15;545;06043;678;142;79;752;250;985;102;136
30/03/15;671;06044;764;163;122;860;290;1209;110;116
30/03/15;597;06045;702;137;110;846;206;996;140;163
30/03/15;491;06046;589;107;83;692;198;831;123;126
30/03/15;908;06047;860;184;113;1246;225;1205;292;271
30/03/15;642;06048;755;158;95;909;235;1071;143;183
30/03/15;486;06049;606;144;73;666;209;879;97;116
30/03/15;559;06050;663;135;93;779;215;953;132;137
30/03/15;560;06051;749;191;90;784;244;1031;128;150
30/03/15;723;06052;856;166;128;1004;281;1253;170;156
30/03/15;682;06053;793;185;104;902;284;1220;147;108
30/03/15;756;06054;863;206;104;1041;268;1303;153;163
30/03/15;617;06055;809;154;99;858;315;1228;101;97
30/03/15;723;06056;828;172;92;1050;237;1208;166;177
30/03/15;653;06057;847;166;87;945;302;1199;143;158
30/03/15;753;06058;941;161;100;1111;322;1338;156;200
30/03/15;705;06059;784;190;99;890;310;1306;86;97
30/03/15;823;06060;962;192;126;1116;351;1461;147;177
30/03/15;618;06061;727;140;86;835;284;1124;75;146
30/03/15;631;06062;711;175;83;801;283;1113;94;135
30/03/15;682;06063;804;173;93;931;289;1215;118;153
30/03/15;857;06064;1030;237;160;1021;469;1651;102;134
30/03/15;543;06065;636;161;91;666;261;1039;52;88
30/03/15;427;06066;536;101;53;577;232;831;44;88
30/03/15;807;06067;962;202;129;1078;360;1484;138;147
30/03/15;651;06068;823;179;117;814;364;1303;76;95
30/03/15;523;06069;579;135;81;634;252;964;52;86
30/03/15;803;06070;1032;200;142;1082;411;1545;113;177
30/03/15;510;06071;574;123;138;585;238;930;47;107
30/03/15;724;06072;890;157;153;883;421;1438;65;111
30/03/15;653;06073;731;132;118;829;305;1214;58;112
30/03/15;519;06074;569;138;90;616;244;924;68;96
30/03/15;516;06075;573;118;94;596;281;1005;26;58
30/03/15;619;06076;648;132;89;645;401;1147;35;85
30/03/15;526;06077;683;139;101;710;259;1044;64;101
30/03/15;596;06078;684;158;96;783;243;1088;85;107
30/03/15;513;06079;607;131;72;649;268;975;64;81
30/03/15;547;06080;625;140;90;648;294;1032;27;113
30/03/15;580;06081;664;136;90;747;271;1088;80;76
30/03/15;792;06082;989;221;169;990;401;1589;75;117
30/03/15;820;06083;892;176;132;958;446;1540;58;114
30/03/15;666;06084;786;174;110;822;346;1273;60;119
30/03/15;542;06085;665;122;98;656;331;1093;46;68
30/03/15;435;06086;509;112;82;517;233;896;19;29
30/03/15;854;06087;1027;190;119;1059;513;1766;46;69
30/03/15;528;06088;665;135;99;637;322;1086;39;68
30/03/15;683;07001;878;146;135;787;493;1425;45;91
30/03/15;537;07002;602;114;61;662;302;998;46;95
30/03/15;600;07003;703;183;105;747;268;1097;65;141
30/03/15;693;07004;800;154;110;906;323;1233;72;188
30/03/15;683;07005;788;185;70;861;355;1301;48;122
30/03/15;431;07006;514;102;71;547;225;875;26;44
30/03/15;623;07007;800;128;114;689;492;1271;39;113
30/03/15;690;07008;718;138;125;777;368;1291;41;76
30/03/15;544;07009;636;124;108;663;285;1024;57;99
30/03/15;626;07010;695;149;140;766;266;1113;42;166
30/03/15;502;07011;623;96;80;701;248;945;58;122
30/03/15;700;07012;840;165;112;887;376;1307;80;153
30/03/15;585;07013;648;108;118;712;295;1139;25;69
30/03/15;430;07014;482;92;75;489;256;761;36;115
30/03/15;657;07015;754;162;133;767;349;1268;45;98
30/03/15;656;07016;680;168;130;734;304;1217;37;82
30/03/15;715;07017;913;207;134;865;422;1411;66;151
30/03/15;712;07018;882;199;144;865;386;1353;56;185
30/03/15;663;07019;777;168;130;775;367;1284;42;114
30/03/15;705;07020;844;204;109;870;366;1291;70;188
30/03/15;507;07021;538;112;93;608;232;946;40;59
30/03/15;528;07022;587;135;106;626;248;1022;25;68
30/03/15;634;07023;651;160;119;750;256;1107;67;111
30/03/15;640;07024;757;160;129;763;345;1232;56;109
30/03/15;645;07025;737;170;120;785;307;1170;52;160
30/03/15;485;07026;572;112;71;532;342;940;22;95
30/03/15;905;07027;1046;275;170;1049;457;1650;89;212
30/03/15;689;07028;753;187;152;874;229;1234;67;141
30/03/15;625;07029;647;120;101;662;389;1137;32;103
30/03/15;608;07030;729;196;83;728;330;1153;31;153
30/03/15;749;07031;815;203;103;919;339;1350;44;170
30/03/15;634;07032;662;164;107;757;268;1171;32;93
30/03/15;646;07033;732;142;111;775;350;1245;23;110
30/03/15;735;07034;840;213;141;891;330;1435;42;98
30/03/15;793;07035;975;241;161;993;373;1610;55;103
30/03/15;600;07036;753;145;111;771;326;1217;29;107
30/03/15;669;07037;829;174;129;833;362;1277;59;162
30/03/15;601;07038;700;146;139;662;354;1130;38;133
30/03/15;731;07039;814;180;170;900;295;1354;43;148
30/03/15;687;07040;811;181;126;871;320;1285;71;142
30/03/15;613;07041;759;181;105;808;278;1123;44;205
30/03/15;711;07042;839;178;127;904;341;1321;55;174
30/03/15;631;07043;738;173;97;769;330;1179;48;142
30/03/15;608;07044;681;124;105;714;346;1154;22;113
30/03/15;695;07045;778;194;107;795;377;1287;41;145
30/03/15;639;07046;763;165;76;773;388;1197;48;157
30/03/15;676;07047;761;156;116;857;308;1225;49;163
30/03/15;538;07048;662;140;102;646;312;1061;33;106
30/03/15;577;07049;644;133;109;681;298;1079;41;101
30/03/15;535;07050;592;146;82;640;259;982;36;109
30/03/15;775;07051;960;235;142;950;408;1501;59;175
30/03/15;573;07052;672;135;108;613;389;1192;24;29
30/03/15;703;07053;769;209;120;798;345;1372;23;77
30/03/15;725;07054;813;254;128;797;359;1462;31;45
30/03/15;553;07055;621;158;121;586;309;1132;22;20
30/03/15;567;07056;612;164;94;653;268;1114;20;45
30/03/15;679;07057;763;207;150;780;305;1368;16;58
30/03/15;676;07058;716;202;124;803;263;1296;36;60
30/03/15;624;07059;682;160;110;739;297;1151;72;83
30/03/15;881;07060;908;214;146;1039;390;1599;55;135
30/03/15;630;07061;614;180;108;697;259;1139;24;81
30/03/15;602;07062;660;166;115;747;234;1109;37;116
30/03/15;717;07063;732;200;132;800;317;1323;23;103
30/03/15;795;07064;866;221;147;916;377;1483;42;136
30/03/15;787;07065;827;180;144;931;359;1356;42;216
30/03/15;828;07066;943;232;173;971;395;1491;51;229
30/03/15;710;07067;808;213;132;828;345;1293;33;192
30/03/15;562;07068;638;155;112;650;283;1035;20;145
30/03/15;712;07069;731;189;125;791;338;1240;22;181
30/03/15;638;07070;732;177;133;744;316;1196;23;151
30/03/15;638;07071;712;153;122;719;356;1234;17;99
30/03/15;641;07072;714;185;114;725;331;1227;20;108
30/03/15;485;07073;577;127;74;550;311;935;26;101
30/03/15;819;07074;912;218;146;973;394;1484;22;225
30/03/15;607;07075;654;142;123;647;349;1079;23;159
30/03/15;648;07076;705;177;116;713;347;1162;35;156
30/03/15;614;07077;672;176;110;728;272;1115;25;146
30/03/15;646;07078;659;177;113;755;260;1141;38;126
30/03/15;655;07079;722;150;119;713;395;1238;13;126
30/03/15;835;07080;954;294;147;1027;321;1607;34;148
30/03/15;943;07081;1013;225;191;1126;414;1814;31;111
30/03/15;637;07082;660;178;116;732;271;1149;40;108
30/03/15;611;07083;634;131;102;695;317;1101;29;115
30/03/15;655;07084;677;166;112;755;299;1144;42;146
30/03/15;621;07085;668;188;108;737;256;1187;32;70
30/03/15;703;07086;743;170;122;814;340;1235;47;164
30/03/15;742;07087;811;175;117;877;384;1348;33;172
30/03/15;611;07088;638;164;117;725;243;1047;41;161
30/03/15;570;07089;731;147;110;664;380;1163;26;112
30/03/15;719;07090;722;201;127;783;330;1339;16;86
30/03/15;534;07091;589;138;102;583;300;1004;31;88
30/03/15;606;07092;741;120;96;641;490;1122;29;196
30/03/15;728;07093;834;179;134;815;434;1429;36;97
30/03/15;544;07094;698;124;77;616;425;1109;21;112
30/03/15;684;07095;848;191;127;827;387;1388;29;115
30/03/15;634;07096;751;170;125;701;389;1225;28;132
30/03/15;394;07097;537;88;51;345;447;853;14;64
30/03/15;899;07098;1019;285;187;1038;408;1785;55;78
30/03/15;518;07099;555;98;138;679;158;1008;15;50
30/03/15;535;07100;632;126;78;527;436;1081;23;63
30/03/15;663;07101;716;152;95;654;478;1210;37;132
30/03/15;285;07102;261;78;46;330;92;462;6;78
30/03/15;675;07103;808;141;170;872;300;1174;54;255
30/03/15;744;07104;840;208;136;831;409;1414;48;122
30/03/15;514;07105;554;135;94;606;233;1006;19;43
30/03/15;530;07106;598;143;75;567;343;1073;4;51
30/03/15;603;07107;647;163;106;667;314;1201;10;39
30/03/15;598;07108;632;141;127;656;306;1174;15;41
30/03/15;775;07109;864;182;115;876;466;1466;36;137
30/03/15;426;07110;575;96;82;437;386;958;7;36
30/03/15;399;07111;500;98;56;397;348;864;20;15
30/03/15;603;07112;657;160;113;697;290;1171;20;69
30/03/15;577;07113;611;181;92;659;256;1096;18;74
30/03/15;536;07114;650;159;110;646;271;1123;13;50
30/03/15;586;07115;566;153;155;569;275;996;34;122
30/03/15;699;07116;772;220;98;829;324;1378;25;68
30/03/15;891;07117;703;194;111;1024;265;1206;147;241
30/03/15;547;07118;680;161;88;662;316;1131;21;75
30/03/15;540;07119;651;152;102;650;287;1022;19;150
30/03/15;549;07120;669;122;113;631;352;1080;18;120
30/03/15;552;07121;656;132;90;625;361;1030;29;149
30/03/15;581;07122;735;148;103;663;402;1205;10;101
30/03/15;654;07123;719;156;158;706;353;1240;21;112
30/03/15;586;08001;669;126;121;686;322;1153;18;84
30/03/15;600;08002;681;166;92;680;343;1172;28;81
30/03/15;585;08003;639;132;98;684;310;1133;21;70
30/03/15;647;08004;769;173;122;764;357;1205;18;193
30/03/15;547;08005;611;126;92;629;311;1028;20;110
30/03/15;684;08006;791;189;138;786;362;1274;53;148
30/03/15;531;08007;673;119;98;613;374;1118;10;76
30/03/15;761;08008;868;202;117;959;351;1423;49;157
30/03/15;772;08009;890;223;139;933;367;1451;32;179
30/03/15;508;08010;604;129;111;604;268;1006;14;92
30/03/15;531;08011;649;157;120;615;288;1092;21;67
30/03/15;609;08012;753;172;134;740;316;1175;35;152
30/03/15;536;08013;654;146;91;646;307;1023;18;149
30/03/15;555;08014;634;145;108;652;284;1018;12;159
30/03/15;601;08015;766;172;109;731;355;1141;24;202
30/03/15;531;08016;655;133;81;612;360;1008;12;166
30/03/15;628;08017;703;137;103;739;352;1221;19;91
30/03/15;717;08018;858;168;148;898;361;1350;24;201
30/03/15;795;08019;977;211;140;1039;382;1453;57;262
30/03/15;570;08020;686;137;84;708;327;1117;11;128
30/03/15;662;08021;793;180;124;792;359;1255;16;184
30/03/15;556;08022;665;114;122;671;314;1092;5;124
30/03/15;645;08023;714;160;139;761;299;1175;20;164
30/03/15;647;08024;747;165;122;741;366;1216;31;147
30/03/15;526;08025;656;138;89;617;338;968;41;173
30/03/15;620;08026;742;181;85;702;394;1175;22;165
30/03/15;628;08027;646;149;86;670;369;1178;14;82
30/03/15;505;08028;594;105;84;575;335;1009;16;74
30/03/15;701;08029;799;226;123;820;331;1379;14;107
30/03/15;685;08030;759;230;121;796;297;1247;11;186
30/03/15;632;08031;661;170;90;673;360;1189;13;91
30/03/15;613;08032;698;157;122;714;318;1171;18;122
30/03/15;687;08033;751;166;101;837;334;1180;26;232
30/03/15;512;08034;648;115;93;522;430;960;6;194
30/03/15;921;08035;826;149;121;996;481;1392;58;297
30/03/15;696;08036;777;168;130;799;376;1213;29;231
30/03/15;677;08037;810;158;118;776;435;1235;24;228
30/03/15;642;08038;814;187;128;792;349;1207;12;237
30/03/15;691;08039;851;205;135;796;406;1249;43;250
30/03/15;756;08040;893;229;164;902;354;1347;16;286
30/03/15;1119;08041;1219;372;258;1319;389;1600;37;701
30/03/15;592;08042;702;153;90;580;471;1141;13;140
30/03/15;503;08043;647;127;120;556;347;1070;6;74
30/03/15;639;08044;704;164;134;718;327;1058;14;271
30/03/15;791;08045;913;227;154;967;356;1328;38;338
30/03/15;622;08046;768;165;119;695;411;1162;11;217
30/03/15;712;08047;811;208;135;794;386;1120;28;375
30/03/15;482;08048;557;126;127;535;251;958;11;70
30/03/15;609;08049;634;164;116;677;286;1159;19;65
30/03/15;675;08050;756;140;131;740;420;1344;12;75
30/03/15;645;08051;699;265;77;741;261;1282;11;51
30/03/15;385;08052;476;111;53;419;278;791;19;51
30/03/15;539;08053;596;125;89;527;394;1064;18;53
30/03/15;745;08054;922;187;119;764;597;1547;19;101
30/03/15;881;08055;986;210;154;947;556;1776;30;61
30/03/15;678;08056;778;161;127;699;469;1336;35;85
30/03/15;628;08057;695;134;114;640;435;1203;15;105
30/03/15;744;08058;872;209;144;805;458;1497;19;100
30/03/15;486;08059;522;117;71;546;274;957;6;45
30/03/15;561;08060;637;130;86;652;330;1161;9;28
30/03/15;827;08061;843;222;138;897;413;1589;20;61
30/03/15;585;08062;627;115;130;686;281;1180;3;29
30/03/15;542;08063;606;100;85;651;312;1102;8;38
30/03/15;824;08064;916;237;145;942;416;1664;14;62
30/03/15;852;08065;835;295;215;934;243;1406;37;244
30/03/15;804;08066;790;277;152;952;213;1281;55;258
30/03/15;780;08067;800;221;144;900;315;1351;26;203
30/03/15;851;08068;986;270;229;992;346;1462;26;349
30/03/15;716;08069;739;202;153;818;282;1212;19;224
30/03/15;668;08070;756;206;121;840;257;1089;34;301
30/03/15;764;08071;842;205;165;887;349;1335;20;251
30/03/15;564;08072;619;161;123;595;304;999;34;150
30/03/15;765;08073;866;219;152;940;320;1281;48;302
30/03/15;693;08074;731;205;131;822;266;1061;54;309
30/03/15;862;08075;968;224;178;1015;413;1514;41;275
30/03/15;731;08076;836;166;121;808;472;1312;21;234
30/03/15;675;08077;762;214;155;802;266;1328;15;94
30/03/15;681;08078;790;171;111;831;358;1225;43;203
30/03/15;655;08079;737;193;138;762;299;1090;35;267
30/03/15;661;08080;814;182;129;820;344;1240;22;213
30/03/15;706;08081;827;243;131;852;307;1166;15;352
30/03/15;705;08082;866;190;148;816;417;1315;19;237
30/03/15;608;08083;674;171;104;691;316;1047;30;205
30/03/15;539;08084;621;137;98;585;340;997;12;151
30/03/15;690;08085;726;178;155;803;280;1177;22;217
30/03/15;764;08086;902;223;150;871;422;1387;31;248
30/03/15;579;08087;665;156;90;660;338;1090;10;144
30/03/15;594;08088;660;170;91;679;314;1072;19;163
30/03/15;588;08089;660;159;108;652;329;1059;25;164
30/03/15;566;08090;637;149;107;632;315;1047;4;152
30/03/15;597;08091;577;115;103;604;352;1034;10;130
30/03/15;497;08092;505;104;83;543;272;901;7;94
30/03/15;613;08093;636;180;105;660;304;1116;9;124
30/03/15;709;08094;781;145;107;760;478;1355;18;117
30/03/15;518;08095;558;133;78;489;376;1022;12;42
30/03/15;705;08096;744;176;149;817;307;1268;22;159
30/03/15;633;08097;705;193;149;715;281;1162;6;170
30/03/15;595;08098;644;173;119;623;324;1077;31;131
30/03/15;636;08099;677;160;117;764;272;1135;20;158
30/03/15;555;08100;668;151;105;658;309;1077;17;129
30/03/15;776;08101;923;202;160;917;420;1504;12;183
30/03/15;641;08102;714;175;90;685;405;1137;21;197
30/03/15;753;08103;734;222;129;878;258;1142;22;323
30/03/15;533;08104;678;154;114;643;300;1032;28;151
30/03/15;775;08105;842;250;170;856;341;1327;23;267
30/03/15;575;08106;652;179;123;672;253;944;7;276
30/03/15;866;08107;923;254;170;1028;337;1621;8;160
30/03/15;862;08108;883;354;199;997;195;1403;42;300
30/03/15;528;08109;487;163;119;565;168;922;10;83
30/03/15;935;08110;913;341;183;1047;277;1328;48;472
30/03/15;746;08111;821;248;180;814;325;1179;15;373
30/03/15;807;08112;823;270;168;902;290;1147;42;441
30/03/15;858;08113;836;276;202;889;327;1234;12;448
30/03/15;926;08114;934;267;214;1022;357;1380;29;451
30/03/15;785;08115;812;220;184;876;317;1100;35;462
30/03/15;661;08116;683;246;123;727;248;1182;29;133
30/03/15;643;08215;790;223;127;796;287;1271;34;128
30/03/15;1397;09001;1187;475;335;1429;345;1613;35;936
30/03/15;1173;09002;1028;354;250;1268;329;1506;63;632
30/03/15;1090;09003;995;312;242;1171;360;1555;48;482
30/03/15;825;09004;874;277;174;958;290;1282;25;392
30/03/15;787;09005;774;249;146;929;237;1343;46;172
30/03/15;605;09006;627;189;155;663;225;1102;20;110
30/03/15;614;09007;650;226;126;723;189;1132;13;119
30/03/15;953;09008;946;598;99;1110;92;1801;26;72
30/03/15;692;09009;732;275;98;711;340;1351;12;61
30/03/15;869;09010;925;229;177;931;457;1722;13;59
30/03/15;933;09011;954;271;203;1015;398;1659;19;209
30/03/15;902;09013;965;309;180;1023;355;1491;35;341
30/03/15;1074;09014;881;279;162;1154;360;1494;86;375
30/03/15;888;09015;892;268;159;1028;325;1506;27;247
30/03/15;676;09016;753;167;129;864;269;1372;4;53
30/03/15;709;09017;745;240;150;795;269;1365;19;70
30/03/15;709;09018;753;211;104;781;366;1408;7;47
30/03/15;1161;09019;1206;325;222;1512;308;2245;26;96
30/03/15;522;09020;617;130;84;564;361;1084;16;39
30/03/15;646;09021;730;179;120;762;315;1302;20;54
30/03/15;560;09022;640;139;106;679;276;1130;16;54
30/03/15;585;09023;621;159;111;715;221;1128;20;58
30/03/15;530;09024;624;146;96;589;323;1082;16;56
30/03/15;538;09025;629;144;82;685;256;1074;7;86
30/03/15;709;09026;802;165;129;886;331;1400;33;78
30/03/15;668;09027;711;135;129;844;271;1328;12;39
30/03/15;779;09028;824;400;102;934;167;1582;11;10
30/03/15;560;09029;613;145;91;662;275;1097;14;62
30/03/15;679;09030;786;288;75;805;297;1413;17;35
30/03/15;558;09031;611;239;115;624;191;1145;8;16
30/03/15;898;09032;1040;352;161;1137;288;1715;46;177
30/03/15;1492;09033;1607;373;243;1888;595;2847;47;205
30/03/15;659;09034;740;160;86;797;356;1267;15;117
30/03/15;742;09035;829;182;137;899;353;1423;16;132
30/03/15;664;09036;778;160;127;822;333;1364;9;69
30/03/15;623;09037;755;155;115;775;333;1281;20;77
30/03/15;755;09038;843;232;128;912;326;1469;22;107
30/03/15;749;09039;826;214;95;960;306;1490;29;56
30/03/15;698;09040;831;233;128;828;340;1388;30;111
30/03/15;643;09041;771;198;104;764;348;1298;36;80
30/03/15;588;09042;648;138;99;704;295;1118;29;89
30/03/15;626;09043;715;167;99;732;343;1222;24;95
30/03/15;701;09044;771;184;121;861;306;1377;30;65
30/03/15;675;09045;749;181;111;789;343;1315;29;80
30/03/15;611;09046;679;142;92;767;289;1195;25;70
30/03/15;685;09047;800;184;115;888;298;1368;27;90
30/03/15;662;09048;713;170;94;776;335;1266;14;95
30/03/15;576;09049;720;149;117;721;309;1138;5;153
30/03/15;729;09050;824;190;129;858;376;1444;19;90
30/03/15;560;09051;647;139;104;677;287;1103;20;84
30/03/15;554;09052;613;143;84;656;284;1083;12;72
30/03/15;684;09053;846;185;104;836;405;1433;15;82
30/03/15;534;09054;623;116;107;602;332;1039;9;109
30/03/15;790;09055;891;178;162;991;350;1421;30;230
30/03/15;536;09056;628;101;74;642;347;1072;11;81
30/03/15;710;09057;830;165;140;810;425;1323;19;198
30/03/15;674;09058;769;241;128;844;230;1267;36;140
30/03/15;672;09059;698;191;92;739;348;1244;36;90
30/03/15;629;09060;731;149;135;762;314;1231;25;104
30/03/15;803;09061;879;303;138;937;304;1550;38;94
30/03/15;542;09062;588;167;83;685;195;978;25;127
30/03/15;561;09063;590;130;95;699;227;1025;36;90
30/03/15;560;09064;645;117;133;695;260;1131;15;59
30/03/15;918;09065;1096;199;202;1168;445;1770;25;219
30/03/15;664;09066;735;178;108;825;288;1279;22;98
30/03/15;625;09067;767;152;111;785;344;1213;29;150
30/03/15;741;09068;804;191;120;872;362;1438;29;78
30/03/15;410;09069;542;110;72;450;320;844;8;100
30/03/15;847;09070;964;198;163;1020;430;1459;63;289
30/03/15;834;09071;972;189;156;974;487;1556;33;217
30/03/15;671;09072;822;172;123;840;358;1189;41;263
30/03/15;732;09073;813;135;156;931;323;1395;32;118
30/03/15;721;09074;876;212;146;770;469;1466;42;89
30/03/15;651;09075;805;173;153;793;337;1292;32;132
30/03/15;635;09076;786;157;123;747;394;1259;19;143
30/03/15;667;09077;863;186;115;783;446;1368;30;132
30/03/15;693;09078;786;192;147;792;348;1244;43;192
30/03/15;722;09079;843;180;148;865;372;1394;25;146
30/03/15;651;09080;676;151;102;748;326;1178;29;120
30/03/15;809;09081;973;242;137;1012;391;1513;38;231
30/03/15;890;09082;1051;261;177;1151;352;1621;60;260
30/03/15;734;09083;860;210;130;839;415;1408;59;127
30/03/15;802;09084;896;188;149;1011;350;1457;67;174
30/03/15;758;09085;905;178;144;908;433;1417;69;177
30/03/15;641;09086;772;191;112;750;360;1227;37;149
30/03/15;588;09087;684;129;113;678;352;1125;30;117
30/03/15;890;09088;1041;197;156;1043;535;1630;51;250
30/03/15;648;09089;811;160;101;733;465;1270;23;166
30/03/15;728;09090;881;176;135;889;409;1323;49;237
30/03/15;884;09091;988;214;164;1064;430;1636;35;201
30/03/15;950;09092;1050;242;160;1135;463;1783;37;180
30/03/15;656;09093;727;175;106;781;321;1259;24;100
30/03/15;968;09094;1079;268;180;1178;421;1762;58;227
30/03/15;999;09095;1123;257;190;1241;434;1834;50;238
30/03/15;592;09156;667;118;83;779;279;1122;31;106
30/03/15;761;10001;835;193;98;918;387;1335;63;198
30/03/15;815;10002;902;181;128;1063;345;1493;71;153
30/03/15;762;10003;792;206;123;900;325;1371;53;130
30/03/15;679;10004;805;178;80;829;397;1305;60;119
30/03/15;748;10005;883;160;132;986;353;1420;35;176
30/03/15;785;10006;960;195;138;973;439;1513;58;174
30/03/15;659;10007;693;128;112;774;338;1232;29;91
30/03/15;792;10008;934;181;127;960;458;1430;82;214
30/03/15;735;10009;851;171;96;929;390;1358;65;163
30/03/15;776;10010;926;187;125;969;421;1421;66;215
30/03/15;563;10011;660;123;108;728;264;1054;64;105
30/03/15;867;10012;930;205;139;1047;406;1534;85;178
30/03/15;631;10013;762;150;113;810;320;1161;59;173
30/03/15;684;10014;791;145;121;869;340;1222;74;179
30/03/15;851;10015;939;178;128;1036;448;1506;85;199
30/03/15;613;10016;668;124;124;770;263;1078;50;153
30/03/15;798;10017;922;183;112;972;453;1439;72;209
30/03/15;662;10018;722;154;112;843;275;1124;61;199
30/03/15;762;10019;879;144;157;958;382;1401;49;191
30/03/15;697;10020;774;162;106;789;414;1260;47;164
30/03/15;656;10021;693;155;109;774;311;1130;58;161
30/03/15;619;10022;683;149;112;782;259;1120;56;126
30/03/15;667;10023;762;175;127;762;365;1231;49;149
30/03/15;695;10024;773;211;122;889;246;1238;46;184
30/03/15;643;10025;755;170;131;807;290;1177;60;161
30/03/15;734;10026;805;204;118;962;255;1273;82;184
30/03/15;714;10027;797;172;147;900;292;1355;43;113
30/03/15;875;10028;919;221;204;1071;298;1565;51;178
30/03/15;701;10029;769;199;117;873;281;1319;36;115
30/03/15;798;10030;921;208;131;947;433;1585;32;102
30/03/15;752;10031;805;166;128;940;323;1315;67;175
30/03/15;706;10032;756;191;151;978;142;1278;56;128
30/03/15;402;10033;495;72;90;426;309;853;11;33
30/03/15;852;10034;887;202;137;904;496;1595;34;110
30/03/15;1007;10035;1041;369;188;1189;302;1934;28;86
30/03/15;734;10036;726;280;172;898;110;1309;60;91
30/03/15;507;10037;557;120;95;617;232;823;55;186
30/03/15;795;10038;870;210;154;995;306;1394;100;171
30/03/15;796;10039;939;225;159;1057;294;1357;106;272
30/03/15;901;10040;975;207;170;1079;420;1505;60;311
30/03/15;769;10041;783;152;118;915;367;1283;75;194
30/03/15;1182;10042;1251;390;159;1580;304;1911;146;376
30/03/15;913;10043;918;239;209;1143;240;1253;190;388
30/03/15;735;10044;775;142;111;925;332;1231;118;161
30/03/15;586;10045;690;161;114;771;230;1106;92;78
30/03/15;618;10046;665;130;76;742;335;1079;83;121
30/03/15;921;10047;939;153;185;1120;402;1462;160;238
30/03/15;773;10048;837;213;151;925;321;1306;145;159
30/03/15;618;10049;675;146;101;755;291;1125;89;79
30/03/15;764;10050;862;179;157;951;339;1401;84;141
30/03/15;758;10051;823;255;120;897;309;1343;127;111
30/03/15;1159;10052;1153;415;262;1449;186;1957;222;133
30/03/15;892;10053;906;258;265;1082;193;1517;182;99
30/03/15;480;10054;512;170;111;595;116;844;86;62
30/03/15;1263;10055;1316;458;378;1419;324;2186;229;164
30/03/15;904;10056;905;240;112;1202;255;1337;217;255
30/03/15;677;10057;643;141;72;844;263;1057;119;144
30/03/15;537;10058;593;155;60;700;215;922;92;116
30/03/15;799;10059;841;239;79;1041;281;1261;193;186
30/03/15;809;10060;788;240;117;1010;230;1192;137;268
30/03/15;846;10061;940;245;125;1012;404;1564;137;85
30/03/15;780;10062;799;253;146;916;264;1386;93;100
30/03/15;597;10063;651;134;118;718;278;1101;74;73
30/03/15;822;10064;861;228;127;1036;292;1371;143;169
30/03/15;780;10065;796;234;124;956;262;1381;97;98
30/03/15;1048;10066;1086;420;140;1241;333;1773;151;210
30/03/15;919;10067;1018;517;126;1116;178;1677;151;109
30/03/15;780;10068;793;360;112;925;176;1458;53;62
30/03/15;1035;10069;1169;427;135;1283;359;1820;135;249
30/03/15;771;10070;884;232;144;989;290;1391;107;157
30/03/15;885;10071;914;289;159;1108;243;1634;78;87
30/03/15;1007;10072;1031;353;137;1224;324;1709;149;180
30/03/15;718;10073;792;183;116;809;402;1337;57;116
30/03/15;825;10074;895;247;159;983;331;1373;122;225
30/03/15;736;10075;752;219;129;849;291;1290;69;129
30/03/15;963;10076;1059;339;86;1492;105;1753;126;143
30/03/15;939;10077;913;439;138;1107;168;1578;144;130
30/03/15;1098;10078;1132;610;113;1333;174;1967;174;89
30/03/15;864;10079;934;297;150;1036;315;1637;68;93
30/03/15;1231;10080;1200;620;151;1481;179;1591;382;458
30/03/15;958;10081;950;265;176;1074;393;1528;61;319
30/03/15;1079;10082;919;335;223;1178;262;1146;44;808
30/03/15;1292;10083;961;429;238;1324;262;1216;38;999
30/03/15;809;10084;795;238;154;929;283;1125;38;441
30/03/15;1070;10085;971;319;206;1134;382;1402;43;596
30/03/15;997;10086;992;344;209;1037;399;1489;49;451
30/03/15;850;10087;911;236;195;900;430;1408;33;320
30/03/15;784;10088;825;201;173;948;287;1492;12;105
30/03/15;965;10089;893;261;179;1091;327;1325;111;422
30/03/15;637;10090;725;171;132;751;308;1125;45;192
30/03/15;969;10091;1026;252;193;1087;463;1717;39;239
30/03/15;714;10092;812;107;157;981;281;1409;24;93
30/03/15;549;10093;552;99;95;690;217;1031;18;52
30/03/15;1313;10094;1320;465;150;1802;216;2072;243;318
30/03/15;639;10095;647;180;107;765;234;1095;67;124
30/03/15;748;10096;823;285;118;915;253;1380;66;125
30/03/15;746;10097;813;295;88;866;310;1380;69;110
30/03/15;906;10098;968;208;319;1129;218;1766;16;92
30/03/15;533;10099;562;140;123;632;200;1009;7;79
30/03/15;760;10100;848;231;115;846;416;1382;52;174
30/03/15;697;10101;670;187;123;831;226;1066;75;226
30/03/15;1224;10102;1333;323;217;1457;560;2244;45;268
30/03/15;1065;10103;1157;235;170;1230;587;2048;34;140
30/03/15;806;10104;872;142;221;1110;205;1610;17;51
30/03/15;1049;10105;1205;314;267;1247;426;2084;26;144
30/03/15;477;10106;535;116;65;514;317;929;13;70
30/03/15;735;10107;808;215;140;945;243;1438;53;52
30/03/15;639;10108;723;146;83;687;446;1268;25;69
30/03/15;699;10109;844;168;111;726;538;1375;16;152
30/03/15;731;10110;903;211;117;833;473;1460;22;152
30/03/15;628;10111;690;145;108;733;332;1148;32;138
30/03/15;766;10112;810;165;113;949;349;1456;36;84
30/03/15;565;10113;630;186;106;663;240;1041;33;121
30/03/15;644;10114;748;207;94;772;319;1234;22;136
30/03/15;693;10115;725;135;99;790;394;1247;46;125
30/03/15;877;10116;990;215;144;978;530;1580;59;228
30/03/15;612;10117;683;154;100;618;423;1158;36;101
30/03/15;468;10118;527;134;70;456;335;955;11;29
30/03/15;536;10119;600;105;68;619;344;997;25;114
30/03/15;620;10120;799;171;127;717;404;1196;57;166
30/03/15;746;10121;823;205;111;860;393;1343;48;178
30/03/15;749;10122;799;159;148;872;369;1465;14;69
30/03/15;683;10123;721;192;120;764;328;1274;18;112
30/03/15;554;10124;568;124;103;692;203;1041;15;66
30/03/15;545;10125;582;133;92;572;330;1029;14;84
30/03/15;508;10126;574;122;107;611;242;1011;8;63
30/03/15;488;10127;503;192;62;560;177;941;8;42
30/03/15;766;10128;867;172;135;907;419;1504;45;84
30/03/15;580;10129;620;123;131;739;207;1143;8;49
30/03/15;557;10130;635;139;78;620;355;1052;25;115
30/03/15;541;10131;635;106;140;654;276;1123;6;47
30/03/15;582;10132;667;155;77;616;401;1137;21;91
30/03/15;793;10133;889;196;126;799;561;1487;40;155
30/03/15;702;10134;847;172;94;707;576;1371;47;131
30/03/15;571;10135;648;134;105;633;347;1087;31;101
30/03/15;668;10136;704;157;95;631;489;1254;10;108
30/03/15;758;10137;818;179;146;835;416;1400;24;152
30/03/15;731;10138;796;215;145;840;327;1310;39;178
30/03/15;798;10139;812;186;116;872;436;1361;39;210
30/03/15;753;10140;874;223;161;836;407;1415;19;193
30/03/15;524;10141;585;139;83;557;330;1008;8;93
30/03/15;754;10142;862;204;147;860;405;1379;28;209
30/03/15;820;10143;886;207;170;861;468;1471;29;206
30/03/15;888;10234;1008;183;176;1182;355;1700;48;148
30/03/15;614;10235;717;147;80;710;394;1162;57;112
30/03/15;782;10236;874;149;90;749;668;1484;49;123
30/03/15;344;10237;415;92;69;363;235;681;12;66
